"","Species","Classification","AorT","AorT2","AorT3","McEntire1","McEntire2","ASorT"
"164","Ensatina eschscholtzii","T","T","T","T","A","T","T"
"165","Hydromantes shastae","T","T","T","T","T","T","T"
"166","Hydromantes brunus","W","T","T","T","T","T","T"
"167","Hydromantes platycephalus","T","T","T","T","T","T","T"
"168","Hydromantes strinatii","T","T","T","T","T","T","T"
"169","Hydromantes ambrosii","T","T","T","T","T","T","T"
"170","Hydromantes italicus","T","T","T","T","A","T","T"
"171","Hydromantes genei","T","T","T","T","T","T","T"
"172","Hydromantes imperialis","T","T","T","T","T","T","T"
"173","Hydromantes flavus","T","T","T","T","T","T","T"
"174","Hydromantes supramontis","T","T","T","T","T","T","T"
"175","Hydromantes sarrabusensis","T","T","T","T","T","T","T"
"176","Karsenia koreana","T","T","T","T","T","T","T"
"177","Aneides aeneus","TA","A","T","A","A","T","S"
"178","Aneides hardii","T","T","T","T","T","T","T"
"179","Aneides lugubris","TA","A","T","A","A","A","S"
"180","Aneides flavipunctatus","T","T","T","T","T","T","T"
"181","Aneides ferreus","TA","A","T","A","A","A","S"
"182","Aneides vagrans","TA","A","T","A","A","A","S"
"183","Phaeognathus hubrichti","T","T","T","T","T","T","T"
"184","Desmognathus wrighti","T","T","T","T","A","T","T"
"185","Desmognathus quadramaculatus","W","T","T","T","A","T","T"
"186","Desmognathus marmoratus","W","T","T","T","A","T","T"
"187","Desmognathus imitator","T","T","T","T","A","T","T"
"188","Desmognathus aeneus","T","T","T","T","A","T","T"
"189","Desmognathus ocoee","T","T","T","T","A","T","T"
"190","Desmognathus ochrophaeus","T","T","T","T","A","T","T"
"191","Desmognathus orestes","T","T","T","T","A","T","T"
"192","Desmognathus carolinensis","T","T","T","T","A","T","T"
"193","Desmognathus monticola","T","T","T","T","A","T","T"
"194","Desmognathus welteri","T","T","T","T","T","T","T"
"195","Desmognathus planiceps","W","T","T","T","T","T","T"
"196","Desmognathus fuscus","W","T","T","T","T","T","T"
"197","Desmognathus auriculatus","T","T","T","T","T","T","T"
"198","Desmognathus apalachicolae","T","T","T","T","A","T","T"
"199","Desmognathus brimleyorum","W","T","T","T","T","T","T"
"200","Desmognathus folkertsi","W","T","T","T","T","T","T"
"201","Desmognathus santeetlah","T","T","T","T","A","T","T"
"202","Desmognathus conanti","W","T","T","T","T","T","T"
"203","Plethodon neomexicanus","T","T","T","T","T","T","T"
"204","Plethodon larselli","T","T","T","T","T","T","T"
"205","Plethodon idahoensis","T","T","T","T","A","T","T"
"206","Plethodon vandykei","T","T","T","T","T","T","T"
"207","Plethodon dunni","T","T","T","T","T","T","T"
"208","Plethodon vehiculum","T","T","T","T","T","T","T"
"209","Plethodon asupak","T","T","T","T","T","T","T"
"210","Plethodon stormi","T","T","T","T","T","T","T"
"211","Plethodon elongatus","T","T","T","T","T","T","T"
"212","Plethodon sherando","T","T","T","T","T","T","T"
"213","Plethodon serratus","T","T","T","T","A","T","T"
"214","Plethodon shenandoah","T","T","T","T","A","T","T"
"215","Plethodon cinereus","T","T","T","T","A","T","T"
"216","Plethodon nettingi","T","T","T","T","A","T","T"
"217","Plethodon hoffmani","T","T","T","T","T","T","T"
"218","Plethodon virginia","T","T","T","T","T","T","T"
"219","Plethodon hubrichti","T","T","T","T","A","T","T"
"220","Plethodon richmondi","T","T","T","T","T","T","T"
"221","Plethodon electromorphus","T","T","T","T","T","T","T"
"222","Plethodon websteri","T","T","T","T","T","T","T"
"223","Plethodon wehrlei","T","T","T","T","A","T","T"
"224","Plethodon punctatus","T","T","T","T","A","T","T"
"225","Plethodon welleri","T","T","T","T","A","T","T"
"226","Plethodon angusticlavius","T","T","T","T","T","T","T"
"227","Plethodon ventralis","T","T","T","T","T","T","T"
"228","Plethodon dorsalis","T","T","T","T","T","T","T"
"229","Plethodon yonahlossee","T","T","T","T","T","T","T"
"230","Plethodon petraeus","T","T","T","T","T","T","T"
"231","Plethodon kentucki","T","T","T","T","T","T","T"
"232","Plethodon caddoensis","T","T","T","T","A","T","T"
"233","Plethodon ouachitae","T","T","T","T","A","T","T"
"234","Plethodon fourchensis","T","T","T","T","T","T","T"
"235","Plethodon jordani","T","T","T","T","A","T","T"
"236","Plethodon shermani","T","T","T","T","A","T","T"
"237","Plethodon mississippi","T","T","T","T","T","T","T"
"238","Plethodon kiamichi","T","T","T","T","T","T","T"
"239","Plethodon albagula","T","T","T","T","A","T","T"
"240","Plethodon sequoyah","T","T","T","T","T","T","T"
"241","Plethodon kisatchie","T","T","T","T","T","T","T"
"242","Plethodon grobmani","T","T","T","T","T","T","T"
"243","Plethodon savannah","T","T","T","T","T","T","T"
"244","Plethodon ocmulgee","T","T","T","T","T","T","T"
"245","Plethodon metcalfi","T","T","T","T","A","T","T"
"246","Plethodon montanus","T","T","T","T","T","T","T"
"247","Plethodon amplus","T","T","T","T","T","T","T"
"248","Plethodon meridianus","T","T","T","T","T","T","T"
"249","Plethodon chlorobryonis","T","T","T","T","T","T","T"
"250","Plethodon variolatus","T","T","T","T","T","T","T"
"251","Plethodon teyahalee","T","T","T","T","A","T","T"
"252","Plethodon cylindraceus","T","T","T","T","T","T","T"
"253","Plethodon chattahoochee","T","T","T","T","A","T","T"
"254","Plethodon cheoah","T","T","T","T","T","T","T"
"255","Plethodon glutinosus","T","T","T","T","A","T","T"
"256","Plethodon aureolus","T","T","T","T","T","T","T"
"257","Hemidactylium scutatum","T","T","T","T","T","T","T"
"258","Stereochilus marginatus","W","T","T","T","T","T","T"
"259","Pseudotriton montanus","T","T","T","T","T","T","T"
"260","Pseudotriton ruber","T","T","T","T","A","T","T"
"261","Gyrinophilus porphyriticus","W","T","T","T","A","T","T"
"262","Gyrinophilus gulolineatus","W","T","T","T","T","T","T"
"263","Gyrinophilus palleucus","W","T","T","T","T","T","T"
"264","Urspelerpes brucei","T","T","T","T","T","T","T"
"265","Eurycea spelaea","T","T","T","T","T","T","T"
"266","Eurycea tynerensis","W","T","T","T","T","T","T"
"267","Eurycea multiplicata","W","T","T","T","T","T","T"
"268","Eurycea chamberlaini","W","T","T","T","T","T","T"
"269","Eurycea lucifuga","T","T","T","T","T","T","T"
"270","Eurycea longicauda","T","T","T","T","A","T","T"
"271","Eurycea guttolineata","T","T","T","T","T","T","T"
"272","Eurycea wilderae","W","T","T","T","A","T","T"
"273","Eurycea cirrigera","W","T","T","T","A","T","T"
"274","Haideotriton wallacei","W","T","T","T","T","T","T"
"275","Eurycea bislineata","W","T","T","T","A","T","T"
"276","Eurycea aquatica","W","T","T","T","T","T","T"
"277","Eurycea junaluska","W","T","T","T","T","T","T"
"278","Eurycea quadridigitata","T","T","T","T","T","T","T"
"279","Eurycea naufragia","W","T","T","T","T","T","T"
"280","Eurycea chisholmensis","W","T","T","T","T","T","T"
"281","Eurycea tonkawae","W","T","T","T","T","T","T"
"282","Eurycea rathbuni","W","T","T","T","T","T","T"
"283","Eurycea waterlooensis","W","T","T","T","T","T","T"
"284","Eurycea troglodytes","W","T","T","T","T","T","T"
"285","Eurycea sosorum","W","T","T","T","T","T","T"
"286","Eurycea nana","W","T","T","T","T","T","T"
"287","Eurycea neotenes","W","T","T","T","T","T","T"
"288","Eurycea pterophila","W","T","T","T","T","T","T"
"289","Eurycea latitans","W","T","T","T","T","T","T"
"290","Eurycea tridentifera","W","T","T","T","T","T","T"
"291","Batrachoseps wrighti","T","T","T","T","T","T","T"
"292","Batrachoseps campi","T","T","T","T","T","T","T"
"293","Batrachoseps kawia","T","T","T","T","T","T","T"
"294","Batrachoseps relictus","T","T","T","T","T","T","T"
"295","Batrachoseps regius","T","T","T","T","T","T","T"
"296","Batrachoseps diabolicus","T","T","T","T","T","T","T"
"297","Batrachoseps attenuatus","T","T","T","T","A","T","T"
"298","Batrachoseps gregarius","T","T","T","T","T","T","T"
"299","Batrachoseps simatus","T","T","T","T","T","T","T"
"300","Batrachoseps nigriventris","T","T","T","T","A","T","T"
"301","Batrachoseps gabrieli","T","T","T","T","T","T","T"
"302","Batrachoseps gavilanensis","T","T","T","T","T","T","T"
"303","Batrachoseps luciae","T","T","T","T","T","T","T"
"304","Batrachoseps minor","T","T","T","T","T","T","T"
"305","Batrachoseps incognitus","T","T","T","T","T","T","T"
"306","Batrachoseps pacificus","T","T","T","T","A","T","T"
"307","Batrachoseps major","T","T","T","T","A","T","T"
"308","Nyctanolis pernix","T","T","T","T","A","T","T"
"309","Dendrotriton rabbi","B","A","A","A","A","T","A"
"310","Dendrotriton cuchumatanus","T","T","T","T","T","T","T"
"311","Dendrotriton sanctibarbarus","B","A","A","A","A","T","A"
"312","Dendrotriton xolocalcae","B","A","A","A","A","A","A"
"313","Dendrotriton bromeliacius","B","A","A","A","A","A","A"
"314","Dendrotriton megarhinus","B","A","A","A","A","A","A"
"315","Nototriton barbouri","V","T","T","A","A","T","T"
"316","Nototriton brodiei","T","T","T","T","A","T","T"
"317","Nototriton stuarti","T","T","T","T","T","T","T"
"318","Nototriton lignicola","T","T","T","T","T","T","T"
"319","Nototriton limnospectator","T","T","T","T","A","T","T"
"320","Nototriton richardi","T","T","T","T","T","T","T"
"321","Nototriton saslaya","V","T","T","A","A","A","T"
"322","Nototriton guanacaste","A","A","A","A","A","A","A"
"323","Nototriton picadoi","A","A","A","A","A","A","A"
"324","Nototriton abscondens","TA","A","T","A","A","T","S"
"325","Nototriton gamezi","TA","A","T","A","A","T","S"
"326","Thorius minutissimus","T","T","T","T","T","T","T"
"327","Thorius dubitus","T","T","T","T","A","T","T"
"328","Thorius magnipes","TA","A","T","A","A","T","S"
"329","Thorius troglodytes","T","T","T","T","T","T","T"
"330","Cryptotriton alvarezdeltoroi","T","T","T","T","T","T","T"
"331","Cryptotriton nasalis","A","A","A","A","A","A","A"
"332","Cryptotriton veraepacis","A","A","A","A","A","A","A"
"333","Bradytriton silus","T","T","T","T","T","T","T"
"334","Oedipina quadra","T","T","T","T","T","T","T"
"335","Oedipina kasios","T","T","T","T","T","T","T"
"336","Oedipina gephyra","T","T","T","T","T","T","T"
"337","Oedipina tomasi","T","T","T","T","T","T","T"
"338","Oedipina maritima","T","T","T","T","T","T","T"
"339","Oedipina complex","T","T","T","T","A","T","T"
"340","Oedipina parvipes","T","T","T","T","A","T","T"
"341","Oedipina elongata","T","T","T","T","T","T","T"
"342","Oedipina alleni","T","T","T","T","T","T","T"
"343","Oedipina savagei","T","T","T","T","T","T","T"
"344","Oedipina carablanca","T","T","T","T","T","T","T"
"345","Oedipina stenopodia","T","T","T","T","T","T","T"
"346","Oedipina grandis","T","T","T","T","T","T","T"
"347","Oedipina leptopoda","T","T","T","T","T","T","T"
"348","Oedipina collaris","T","T","T","T","T","T","T"
"349","Oedipina pseudouniformis","T","T","T","T","T","T","T"
"350","Oedipina cyclocauda","T","T","T","T","T","T","T"
"351","Oedipina poelzi","T","T","T","T","T","T","T"
"352","Oedipina gracilis","T","T","T","T","T","T","T"
"353","Oedipina uniformis","T","T","T","T","T","T","T"
"354","Oedipina pacificensis","T","T","T","T","T","T","T"
"355","Chiropterotriton dimidiatus","T","T","T","T","T","T","T"
"356","Chiropterotriton lavae","A","A","A","A","A","A","A"
"357","Chiropterotriton orculus","T","T","T","T","T","T","T"
"358","Chiropterotriton arboreus","A","A","A","A","A","A","A"
"359","Chiropterotriton multidentatus","TA","A","T","A","A","A","S"
"360","Chiropterotriton cracens","A","A","A","A","A","A","A"
"361","Chiropterotriton chondrostega","T","T","T","T","A","T","T"
"362","Chiropterotriton magnipes","T","T","T","T","T","T","T"
"363","Chiropterotriton priscus","T","T","T","T","T","T","T"
"364","Chiropterotriton terrestris","T","T","T","T","A","T","T"
"365","Parvimolge townsendi","T","T","T","T","A","T","T"
"366","Ixalotriton parvus","A","A","A","A","A","A","A"
"367","Ixalotriton niger","TA","A","T","A","A","T","S"
"368","Pseudoeurycea cephalica","T","T","T","T","T","T","T"
"369","Pseudoeurycea galeanae","T","T","T","T","T","T","T"
"370","Pseudoeurycea scandens","T","T","T","T","T","T","T"
"371","Pseudoeurycea maxima","T","T","T","T","T","T","T"
"372","Pseudoeurycea boneti","T","T","T","T","T","T","T"
"373","Pseudoeurycea bellii","T","T","T","T","A","T","T"
"374","Pseudoeurycea naucampatepetl","T","T","T","T","T","T","T"
"375","Pseudoeurycea gigantea","T","T","T","T","T","T","T"
"376","Lineatriton orchileucos","T","T","T","T","T","T","T"
"377","Pseudoeurycea conanti","T","T","T","T","T","T","T"
"378","Pseudoeurycea werleri","T","T","T","T","T","T","T"
"379","Pseudoeurycea mystax","T","T","T","T","T","T","T"
"380","Pseudoeurycea obesa","T","T","T","T","T","T","T"
"381","Pseudoeurycea unguidentis","TA","A","T","A","A","T","S"
"382","Pseudoeurycea ruficauda","A","A","A","A","A","T","A"
"383","Pseudoeurycea juarezi","T","T","T","T","T","T","T"
"384","Pseudoeurycea saltator","TA","A","T","A","A","A","S"
"385","Lineatriton lineolus","T","T","T","T","T","T","T"
"386","Pseudoeurycea lynchi","T","T","T","T","A","T","T"
"387","Pseudoeurycea nigromaculata","A","A","A","A","A","A","A"
"388","Pseudoeurycea firscheini","TA","A","T","A","A","A","S"
"389","Pseudoeurycea leprosa","T","T","T","T","A","T","T"
"390","Pseudoeurycea papenfussi","T","T","T","T","T","T","T"
"391","Pseudoeurycea smithi","T","T","T","T","A","T","T"
"392","Pseudoeurycea brunnata","T","T","T","T","A","T","T"
"393","Pseudoeurycea exspectata","TA","A","T","A","A","T","S"
"394","Pseudoeurycea goebeli","T","T","T","T","A","T","T"
"395","Pseudoeurycea rex","T","T","T","T","A","T","T"
"396","Pseudoeurycea gadovii","T","T","T","T","T","T","T"
"397","Pseudoeurycea melanomolga","T","T","T","T","T","T","T"
"398","Pseudoeurycea anitae","T","T","T","T","T","T","T"
"399","Pseudoeurycea cochranae","T","T","T","T","T","T","T"
"400","Pseudoeurycea robertsi","T","T","T","T","T","T","T"
"401","Pseudoeurycea altamontana","T","T","T","T","T","T","T"
"402","Pseudoeurycea longicauda","T","T","T","T","T","T","T"
"403","Pseudoeurycea tenchalli","T","T","T","T","T","T","T"
"404","Bolitoglossa cerroensis","V","T","T","A","T","T","T"
"405","Bolitoglossa minutula","V","T","T","A","A","T","T"
"406","Bolitoglossa marmorea","TA","A","T","A","A","T","S"
"407","Bolitoglossa epimela","V","T","T","A","A","T","T"
"408","Bolitoglossa sooyorum","T","T","T","T","T","T","T"
"409","Bolitoglossa gracilis","T","T","T","T","A","T","T"
"410","Bolitoglossa subpalmata","TA","A","T","A","A","T","S"
"411","Bolitoglossa tica","TA","A","T","A","A","T","S"
"412","Bolitoglossa gomezi","A","A","A","A","A","A","A"
"413","Bolitoglossa pesrubra","V","T","T","A","A","A","T"
"414","Bolitoglossa robinsoni","T","T","T","T","T","T","T"
"415","Bolitoglossa bramei","TA","A","T","A","A","T","S"
"416","Bolitoglossa colonnea","A","A","A","A","A","T","A"
"417","Bolitoglossa nigrescens","T","T","T","T","T","T","T"
"418","Bolitoglossa robusta","T","T","T","T","A","T","T"
"419","Bolitoglossa schizodactyla","A","A","A","A","A","A","A"
"420","Bolitoglossa compacta","V","T","T","A","A","T","T"
"421","Bolitoglossa spongai","V","T","T","A","T","T","T"
"422","Bolitoglossa biseriata","A","A","A","A","A","A","A"
"423","Bolitoglossa sima","V","T","T","A","A","T","T"
"424","Bolitoglossa medemi","A","A","A","A","A","A","A"
"425","Bolitoglossa adspersa","T","T","T","T","A","T","T"
"426","Bolitoglossa equatoriana","A","A","A","A","A","A","A"
"427","Bolitoglossa paraensis","TA","A","T","A","A","A","S"
"428","Bolitoglossa palmata","V","T","T","A","T","T","T"
"429","Bolitoglossa peruviana","V","T","T","A","A","A","T"
"430","Bolitoglossa altamazonica","TA","A","T","A","A","T","S"
"431","Bolitoglossa rufescens","A","A","A","A","A","A","A"
"432","Bolitoglossa occidentalis","A","A","A","A","A","A","A"
"433","Bolitoglossa hartwegi","T","T","T","T","A","T","T"
"434","Bolitoglossa stuarti","A","A","A","A","A","A","A"
"435","Bolitoglossa flaviventris","V","T","T","A","A","A","T"
"436","Bolitoglossa platydactyla","TA","A","T","A","T","T","S"
"437","Bolitoglossa odonnelli","V","T","T","A","A","A","T"
"438","Bolitoglossa mexicana","TA","A","T","A","A","A","S"
"439","Bolitoglossa lignicolor","A","A","A","A","A","A","A"
"440","Bolitoglossa yucatana","TA","A","T","A","A","T","S"
"441","Bolitoglossa mulleri","TA","A","T","A","A","T","S"
"442","Bolitoglossa mombachoensis","A","A","A","A","A","A","A"
"443","Bolitoglossa striatula","A","A","A","A","A","T","A"
"444","Bolitoglossa macrinii","V","T","T","A","A","T","T"
"445","Bolitoglossa oaxacensis","T","T","T","T","T","T","T"
"446","Bolitoglossa zapoteca","T","T","T","T","T","T","T"
"447","Bolitoglossa hermosa","TA","A","T","A","A","T","S"
"448","Bolitoglossa riletti","A","A","A","A","A","A","A"
"449","Bolitoglossa engelhardti","A","A","A","A","A","A","A"
"450","Bolitoglossa rostrata","TA","A","T","A","A","T","S"
"451","Bolitoglossa cuchumatana","TA","A","T","A","A","T","S"
"452","Bolitoglossa helmrichi","A","A","A","A","A","A","A"
"453","Bolitoglossa alvaradoi","A","A","A","A","A","A","A"
"454","Bolitoglossa dofleini","TA","A","T","A","A","T","S"
"455","Bolitoglossa lincolni","TA","A","T","A","A","T","S"
"456","Bolitoglossa franklini","TA","A","T","A","A","T","S"
"457","Bolitoglossa decora","TA","A","T","A","A","T","S"
"458","Bolitoglossa porrasorum","A","A","A","A","A","T","A"
"459","Bolitoglossa longissima","TA","A","T","A","A","T","S"
"460","Bolitoglossa dunni","TA","A","T","A","A","T","S"
"461","Bolitoglossa diaphora","V","T","T","A","A","T","T"
"462","Bolitoglossa conanti","TA","A","T","A","A","A","S"
"463","Bolitoglossa carri","A","A","A","A","A","A","A"
"464","Bolitoglossa meliana","TA","A","T","A","A","T","S"
"465","Bolitoglossa flavimembris","V","T","T","A","A","T","T"
"466","Bolitoglossa morio","TA","A","T","A","A","T","S"
"467","Bolitoglossa heiroreias","TA","A","T","A","A","T","S"
"468","Bolitoglossa synoria","TA","A","T","A","A","T","S"
"469","Bolitoglossa celaque","TA","A","T","A","A","T","S"
